80,0.8,BBNNRKRQ
477,0.79,RNNBKRBQ
604,0.77,RBQNKRBN
848,0.77,BBRKNRNQ
879,0.77,QRKRNNBB
935,0.77,RKBRNQNB
794,0.75,RQKNBBRN
176,0.74,BBNRNKRQ
557,0.74,RNKBNQBR
578,0.73,BQRNKBRN
776,0.72,QBRKBNRN
279,0.71,NRBKNRQB
332,0.7,NBRQKRBN
760,0.69,RBKNBNRQ
317,0.68,NQRBKRBN
349,0.67,NRKBQRBN
868,0.67,QBBRKRNN
333,0.66,NRQBKRBN
681,0.66,QRKBBNNR
886,0.66,RQBKRBNN
696,0.65,RBQKBNNR
560,0.64,BBRNKNRQ
591,0.64,QRNKRNBB
779,0.64,QRKNBRNB
849,0.63,BRKBNRNQ
348,0.62,NBRKQRBN
706,0.62,BRKQNBNR
945,0.62,BRKBRNNQ
246,0.61,NRBKQBNR
316,0.6,NBQRKRBN
504,0.6,RBQNBKNR
608,0.6,BBRNQKRN
752,0.6,BBRKNNRQ
784,0.6,BBRQKNRN
200,0.59,QBNRBKNR
399,0.59,QRNNKRBB
620,0.59,RBNQKRBN
941,0.59,RKRBNQBN
70,0.58,NNBRKBQR
177,0.58,BNRBNKRQ
605,0.58,RQNBKRBN
272,0.56,BBNRKNRQ
379,0.56,NRKRBNQB
768,0.56,BBQRKNRN
845,0.56,RKNBRQBN
165,0.55,NRBBNKQR
280,0.55,NBRKBNRQ
314,0.55,NQRKBBRN
465,0.55,BRNBNKRQ
800,0.55,BBRKQNRN
882,0.55,BRQKRBNN
883,0.55,BRQKRNNB
902,0.55,RKBQRBNN
24,0.54,NBQNBRKR
120,0.54,NBQRBNKR
193,0.54,BQNBRKNR
214,0.54,NQBRKBNR
618,0.54,RNQKBBRN
792,0.54,RBQKBNRN
897,0.54,BRKBQRNN
83,0.53,BNNRKRQB
113,0.53,BNQBRNKR
188,0.53,NBRNKRBQ
268,0.53,NBRKNQBR
305,0.53,BNQBRKRN
360,0.53,NBRKBRQN
392,0.53,QBRNBNKR
588,0.53,QBRNKRBN
636,0.53,RBNKQRBN
837,0.53,RKBBNRQN
838,0.53,RKBNRBQN
895,0.53,RQKRNNBB
6,0.52,QNBNRBKR
245,0.52,NRBBKQNR
378,0.52,NRKRBBNQ
459,0.52,RNNKBQRB
533,0.52,RNBBKQNR
807,0.52,RKBQNRNB
234,0.51,NRQKBBNR
236,0.51,NBRQKNBR
244,0.51,NBBRKQNR
347,0.51,NRKQBRNB
366,0.51,NRKRQBBN
439,0.51,RNBNQKRB
458,0.51,RNNKBBQR
554,0.51,RNKNBBQR
634,0.51,RNKQBBRN
645,0.51,RNBBKRQN
944,0.51,BBRKRNNQ
8,0.5,QBNNBRKR
336,0.5,BBNRKQRN
550,0.5,RNBKNBQR
559,0.5,RNKNQRBB
683,0.5,QRKNBNRB
749,0.5,RKNBNQBR
864,0.5,BBQRKRNN
873,0.5,QRKBBRNN
903,0.5,RKBQRNNB
26,0.49,NQNRBBKR
158,0.49,NRNQKBBR
238,0.49,NRQKNBBR
298,0.49,QNRKBBRN
411,0.49,RQNNBKRB
450,0.49,BRNNKBQR
534,0.49,RNBKQBNR
646,0.49,RNBKRBQN
680,0.49,QBRKBNNR
697,0.49,RQKBBNNR
710,0.49,RKBQNBNR
814,0.49,RKQNRBBN
824,0.49,RBKNBQRN
836,0.49,RBBKNRQN
891,0.49,RQKRBNNB
934,0.49,RKBRNBQN
33,0.48,BNNBQRKR
50,0.48,BNNRQBKR
61,0.48,NNRBQKBR
86,0.48,NNBRKBRQ
100,0.48,QBBNRNKR
107,0.48,QNRNBKRB
111,0.48,QNRNKRBB
153,0.48,NRNBBQKR
230,0.48,NRBQKBNR
249,0.48,NRKBBQNR
252,0.48,NBRKQNBR
262,0.48,NRBKNBQR
289,0.48,BQNBRKRN
352,0.48,BBNRKRQN
408,0.48,RBQNBNKR
461,0.48,RNNBKQBR
484,0.48,QBBRNKNR
574,0.48,RNKNRBBQ
630,0.48,RNBKQBRN
678,0.48,QRBKNBNR
775,0.48,QRBKNRNB
777,0.48,QRKBBNRN
783,0.48,QRKNRNBB
880,0.48,BBRQKRNN
924,0.48,RBKRQNBN
950,0.48,RKBRNBNQ
27,0.47,NQNRBKRB
175,0.47,NRNKQRBB
184,0.47,NBRNBKRQ
232,0.47,NBRQBKNR
239,0.47,NRQKNRBB
328,0.47,NBRQBKRN
350,0.47,NRKQRBBN
368,0.47,BBNRKRNQ
420,0.47,RBBNQNKR
565,0.47,RNBBKNRQ
712,0.47,RBKQBNNR
724,0.47,RBBKNQNR
893,0.47,RQKBRNBN
946,0.47,BRKRNBNQ
75,0.46,NNRKBQRB
159,0.46,NRNQKRBB
223,0.46,NQRKNRBB
256,0.46,BBNRKNQR
331,0.46,NRQKBRNB
344,0.46,NBRKBQRN
358,0.46,NRBKRBQN
375,0.46,NRBKRNQB
470,0.46,RNBNKBRQ
516,0.46,RBBNQKNR
639,0.46,RNKQRNBB
642,0.46,BRNKRBQN
732,0.46,RBKNQNBR
756,0.46,RBBKNNRQ
852,0.46,RBBKNRNQ
18,0.45,BNQNRBKR
142,0.45,NRQNKBBR
266,0.45,NRKNBBQR
273,0.45,BNRBKNRQ
274,0.45,BNRKNBRQ
359,0.45,NRBKRQNB
457,0.45,RNNBBKQR
463,0.45,RNNKQRBB
487,0.45,QRBNKNRB
612,0.45,RBBNQKRN
621,0.45,RNQBKRBN
664,0.45,RBNKBRNQ
670,0.45,RNKRNBBQ
744,0.45,RBKNBNQR
793,0.45,RQKBBNRN
821,0.45,RKBBNQRN
927,0.45,RKRQNNBB
938,0.45,RKRNBBQN
40,0.44,NBNQBRKR
63,0.44,NNRQKRBB
71,0.44,NNBRKQRB
118,0.44,NQBRNBKR
138,0.44,NRQNBBKR
216,0.44,NBQRBKNR
261,0.44,NRBBKNQR
293,0.44,QNBBRKRN
334,0.44,NRQKRBBN
373,0.44,NRBBKRNQ
426,0.44,RNQNBBKR
454,0.44,RNBNKBQR
473,0.44,RNNBBKRQ
539,0.44,RNKQBNRB
629,0.44,RNBBKQRN
731,0.44,RKNQBNRB
790,0.44,RQBKNBRN
936,0.44,RBKRBNQN
49,0.43,BNNBRQKR
62,0.43,NNRQKBBR
74,0.43,NNRKBBQR
105,0.43,QNRBBNKR
112,0.43,BBNQRNKR
147,0.43,BNRNQKRB
148,0.43,NBBRNQKR
181,0.43,NRBBNKRQ
250,0.43,NRKQBBNR
254,0.43,NRKQNBBR
292,0.43,QBBNRKRN
310,0.43,NQBRKBRN
365,0.43,NRKBRQBN
374,0.43,NRBKRBNQ
385,0.43,BQRBNNKR
424,0.43,RBNQBNKR
523,0.43,RNQKBNRB
583,0.43,QRBNKRNB
666,0.43,RNKRBBNQ
684,0.43,QBRKNNBR
716,0.43,RBKQNNBR
804,0.43,RBBKQNRN
828,0.43,RBKNQRBN
843,0.43,RKNRBQNB
917,0.43,RKBBRQNN
101,0.42,QNBBRNKR
110,0.42,QNRNKBBR
173,0.42,NRNBKQBR
191,0.42,NRNKRQBB
322,0.42,BNRQKBRN
415,0.42,RQNNKRBB
464,0.42,BBRNNKRQ
527,0.42,RNQKNRBB
622,0.42,RNQKRBBN
735,0.42,RKNQNRBB
772,0.42,QBBRKNRN
799,0.42,RQKNRNBB
870,0.42,QRBKRBNN
909,0.42,RKQBRNBN
28,0.41,NBQNRKBR
32,0.41,BBNNQRKR
73,0.41,NNRBBKQR
144,0.41,BBNRNQKR
178,0.41,BNRNKBRQ
277,0.41,NRBBKNRQ
288,0.41,BBQNRKRN
321,0.41,BNRBQKRN
341,0.41,NRBBKQRN
343,0.41,NRBKQRNB
355,0.41,BNRKRQNB
384,0.41,BBQRNNKR
635,0.41,RNKQBRNB
637,0.41,RNKBQRBN
654,0.41,RNKRQBBN
658,0.41,BRNKRBNQ
693,0.41,RQBBKNNR
717,0.41,RKQBNNBR
766,0.41,RKNNRBBQ
769,0.41,BQRBKNRN
881,0.41,BRQBKRNN
900,0.41,RBBKQRNN
926,0.41,RKRQNBBN
933,0.41,RKBBRNQN
13,0.4,QNNBRKBR
20,0.4,NBBQNRKR
37,0.4,NNBBQRKR
46,0.4,NNQRKBBR
79,0.4,NNRKQRBB
81,0.4,BNNBRKRQ
185,0.4,NRNBBKRQ
190,0.4,NRNKRBBQ
196,0.4,QBBNRKNR
312,0.4,NBQRBKRN
330,0.4,NRQKBBRN
337,0.4,BNRBKQRN
361,0.4,NRKBBRQN
490,0.4,QRNKBBNR
526,0.4,RNQKNBBR
566,0.4,RNBKNBRQ
764,0.4,RBKNNRBQ
781,0.4,QRKBNRBN
803,0.4,BRKQNRNB
820,0.4,RBBKNQRN
850,0.4,BRKNRBNQ
863,0.4,RKNRNQBB
871,0.4,QRBKRNNB
874,0.4,QRKRBBNN
923,0.4,RKRQBNNB
10,0.39,QNNRBBKR
45,0.39,NNQBRKBR
57,0.39,NNRBBQKR
58,0.39,NNRQBBKR
60,0.39,NBNRQKBR
117,0.39,NQBBRNKR
169,0.39,NRNBBKQR
237,0.39,NRQBKNBR
278,0.39,NRBKNBRQ
281,0.39,NRKBBNRQ
290,0.39,BQNRKBRN
306,0.39,BNQRKBRN
335,0.39,NRQKRNBB
447,0.39,RNNQKRBB
502,0.39,RQBNKBNR
510,0.39,RQNKNBBR
584,0.39,QBRNBKRN
594,0.39,BRQNKBRN
704,0.39,BBRKQNNR
729,0.39,RKNBBQNR
737,0.39,BRKBNNQR
816,0.39,BBRKNQRN
943,0.39,RKRNQNBB
957,0.39,RKRBNNBQ
958,0.39,RKRNNBBQ
82,0.38,BNNRKBRQ
93,0.38,NNRBKRBQ
94,0.38,NNRKRBBQ
140,0.38,NBRQNKBR
164,0.38,NBBRNKQR
183,0.38,NRBNKRQB
187,0.38,NRNKBRQB
248,0.38,NBRKBQNR
302,0.38,QNRKRBBN
340,0.38,NBBRKQRN
342,0.38,NRBKQBRN
390,0.38,QRBNNBKR
460,0.38,RBNNKQBR
474,0.38,RNNKBBRQ
476,0.38,RBNNKRBQ
501,0.38,RQBBNKNR
522,0.38,RNQKBBNR
545,0.38,BRNBKNQR
570,0.38,RNKNBBRQ
607,0.38,RQNKRNBB
617,0.38,RNQBBKRN
676,0.38,QBBRKNNR
699,0.38,RQKNBNRB
702,0.38,RQKNNBBR
718,0.38,RKQNNBBR
721,0.38,BRKBNQNR
742,0.38,RKBNNBQR
765,0.38,RKNBNRBQ
857,0.38,RKNBBRNQ
869,0.38,QRBBKRNN
872,0.38,QBRKBRNN
875,0.38,QRKRBNNB
896,0.38,BBRKQRNN
2,0.37,BQNNRBKR
22,0.37,NQBNRBKR
42,0.37,NNQRBBKR
51,0.37,BNNRQKRB
56,0.37,NBNRBQKR
59,0.37,NNRQBKRB
87,0.37,NNBRKRQB
89,0.37,NNRBBKRQ
90,0.37,NNRKBBRQ
128,0.37,BBNRQNKR
186,0.37,NRNKBBRQ
264,0.37,NBRKBNQR
286,0.37,NRKNRBBQ
308,0.37,NBBQRKRN
357,0.37,NRBBKRQN
377,0.37,NRKBBRNQ
430,0.37,RNQNKBBR
468,0.37,RBBNNKRQ
503,0.37,RQBNKNRB
511,0.37,RQNKNRBB
517,0.37,RNBBQKNR
536,0.37,RBNKBQNR
585,0.37,QRNBBKRN
598,0.37,RQBNKBRN
613,0.37,RNBBQKRN
632,0.37,RBNKBQRN
650,0.37,RNKRBBQN
758,0.37,RKBNNBRQ
773,0.37,QRBBKNRN
808,0.37,RBKQBNRN
876,0.37,QBRKRNBN
888,0.37,RBQKBRNN
910,0.37,RKQRNBBN
951,0.37,RKBRNNQB
9,0.36,QNNBBRKR
21,0.36,NQBBNRKR
95,0.36,NNRKRQBB
96,0.36,BBQNRNKR
146,0.36,BNRNQBKR
166,0.36,NRBNKBQR
189,0.36,NRNBKRBQ
227,0.36,BNRQKNRB
228,0.36,NBBRQKNR
276,0.36,NBBRKNRQ
294,0.36,QNBRKBRN
303,0.36,QNRKRNBB
325,0.36,NRBBQKRN
326,0.36,NRBQKBRN
353,0.36,BNRBKRQN
362,0.36,NRKRBBQN
382,0.36,NRKRNBBQ
421,0.36,RNBBQNKR
441,0.36,RNNBBQKR
479,0.36,RNNKRQBB
485,0.36,QRBBNKNR
488,0.36,QBRNBKNR
506,0.36,RQNKBBNR
532,0.36,RBBNKQNR
602,0.36,RQNKBBRN
667,0.36,RNKRBNQB
694,0.36,RQBKNBNR
705,0.36,BRKBQNNR
754,0.36,BRKNNBRQ
801,0.36,BRKBQNRN
842,0.36,RKNRBBQN
854,0.36,RKBNRBNQ
877,0.36,QRKBRNBN
878,0.36,QRKRNBBN
899,0.36,BRKQRNNB
905,0.36,RKQBBRNN
949,0.36,RKBBRNNQ
952,0.36,RBKRBNNQ
36,0.35,NBBNQRKR
199,0.35,QNBRKNRB
212,0.35,NBBQRKNR
235,0.35,NRQKBNRB
271,0.35,NRKNQRBB
282,0.35,NRKNBBRQ
285,0.35,NRKBNRBQ
318,0.35,NQRKRBBN
346,0.35,NRKQBBRN
363,0.35,NRKRBQNB
387,0.35,BQRNNKRB
388,0.35,QBBRNNKR
398,0.35,QRNNKBBR
472,0.35,RBNNBKRQ
520,0.35,RBNQBKNR
543,0.35,RNKQNRBB
561,0.35,BRNBKNRQ
643,0.35,BRNKRQNB
677,0.35,QRBBKNNR
695,0.35,RQBKNNRB
707,0.35,BRKQNNRB
733,0.35,RKNBQNBR
741,0.35,RKBBNNQR
829,0.35,RKNBQRBN
831,0.35,RKNQRNBB
861,0.35,RKNBRNBQ
887,0.35,RQBKRNNB
916,0.35,RBBKRQNN
928,0.35,BBRKRNQN
55,0.34,NNBRQKRB
66,0.34,BNNRKBQR
72,0.34,NBNRBKQR
213,0.34,NQBBRKNR
219,0.34,NQRKBNRB
354,0.34,BNRKRBQN
478,0.34,RNNKRBBQ
525,0.34,RNQBKNBR
529,0.34,BRNBKQNR
541,0.34,RNKBQNBR
549,0.34,RNBBKNQR
568,0.34,RBNKBNRQ
586,0.34,QRNKBBRN
587,0.34,QRNKBRNB
656,0.34,BBRNKRNQ
665,0.34,RNKBBRNQ
810,0.34,RKQNBBRN
835,0.34,BRKNRQNB
853,0.34,RKBBNRNQ
907,0.34,RKQRBNNB
908,0.34,RBKQRNBN
915,0.34,BRKRQNNB
954,0.34,RKRNBBNQ
4,0.33,QBBNNRKR
65,0.33,BNNBRKQR
76,0.33,NBNRKQBR
88,0.33,NBNRBKRQ
97,0.33,BQNBRNKR
143,0.33,NRQNKRBB
150,0.33,NRBNQBKR
152,0.33,NBRNBQKR
161,0.33,BNRBNKQR
208,0.33,BBNQRKNR
229,0.33,NRBBQKNR
265,0.33,NRKBBNQR
327,0.33,NRBQKRNB
381,0.33,NRKBRNBQ
394,0.33,QRNNBBKR
410,0.33,RQNNBBKR
413,0.33,RQNBNKBR
480,0.33,BBQRNKNR
553,0.33,RNKBBNQR
573,0.33,RNKBNRBQ
589,0.33,QRNBKRBN
609,0.33,BRNBQKRN
616,0.33,RBNQBKRN
619,0.33,RNQKBRNB
638,0.33,RNKQRBBN
655,0.33,RNKRQNBB
714,0.33,RKQNBBNR
715,0.33,RKQNBNRB
839,0.33,RKBNRQNB
855,0.33,RKBNRNQB
918,0.33,RKBRQBNN
11,0.32,QNNRBKRB
16,0.32,BBNQNRKR
19,0.32,BNQNRKRB
41,0.32,NNQBBRKR
64,0.32,BBNNRKQR
106,0.32,QNRNBBKR
114,0.32,BNQRNBKR
123,0.32,NQRNBKRB
136,0.32,NBRQBNKR
145,0.32,BNRBNQKR
162,0.32,BNRNKBQR
192,0.32,BBQNRKNR
203,0.32,QNRKBNRB
207,0.32,QNRKNRBB
231,0.32,NRBQKNRB
255,0.32,NRKQNRBB
309,0.32,NQBBRKRN
320,0.32,BBNRQKRN
391,0.32,QRBNNKRB
435,0.32,BRNNQKRB
518,0.32,RNBQKBNR
562,0.32,BRNKNBRQ
571,0.32,RNKNBRQB
653,0.32,RNKBRQBN
679,0.32,QRBKNNRB
687,0.32,QRKNNRBB
708,0.32,RBBKQNNR
736,0.32,BBRKNNQR
748,0.32,RBKNNQBR
761,0.32,RKNBBNRQ
785,0.32,BRQBKNRN
862,0.32,RKNRNBBQ
898,0.32,BRKQRBNN
904,0.32,RBKQBRNN
911,0.32,RKQRNNBB
929,0.32,BRKBRNQN
947,0.32,BRKRNNQB
956,0.32,RBKRNNBQ
25,0.31,NQNBBRKR
30,0.31,NQNRKBBR
38,0.31,NNBQRBKR
77,0.31,NNRBKQBR
131,0.31,BNRQNKRB
151,0.31,NRBNQKRB
170,0.31,NRNKBBQR
174,0.31,NRNKQBBR
179,0.31,BNRNKRQB
253,0.31,NRKBQNBR
313,0.31,NQRBBKRN
315,0.31,NQRKBRNB
329,0.31,NRQBBKRN
367,0.31,NRKRQNBB
393,0.31,QRNBBNKR
396,0.31,QBRNNKBR
416,0.31,BBRNQNKR
438,0.31,RNBNQBKR
446,0.31,RNNQKBBR
448,0.31,BBRNNKQR
489,0.31,QRNBBKNR
492,0.31,QBRNKNBR
538,0.31,RNKQBBNR
572,0.31,RBNKNRBQ
626,0.31,BRNKQBRN
628,0.31,RBBNKQRN
661,0.31,RNBBKRNQ
711,0.31,RKBQNNRB
725,0.31,RKBBNQNR
734,0.31,RKNQNBBR
740,0.31,RBBKNNQR
755,0.31,BRKNNRQB
786,0.31,BRQKNBRN
825,0.31,RKNBBQRN
830,0.31,RKNQRBBN
901,0.31,RKBBQRNN
920,0.31,RBKRBQNN
922,0.31,RKRQBBNN
937,0.31,RKRBBNQN
948,0.31,RBBKRNNQ
67,0.3,BNNRKQRB
91,0.3,NNRKBRQB
98,0.3,BQNRNBKR
104,0.3,QBNRBNKR
121,0.3,NQRBBNKR
122,0.3,NQRNBBKR
126,0.3,NQRNKBBR
127,0.3,NQRNKRBB
129,0.3,BNRBQNKR
139,0.3,NRQNBKRB
141,0.3,NRQBNKBR
241,0.3,BNRBKQNR
251,0.3,NRKQBNRB
267,0.3,NRKNBQRB
339,0.3,BNRKQRNB
395,0.3,QRNNBKRB
400,0.3,BBRQNNKR
419,0.3,BRNQNKRB
425,0.3,RNQBBNKR
436,0.3,RBBNNQKR
507,0.3,RQNKBNRB
508,0.3,RBQNKNBR
530,0.3,BRNKQBNR
537,0.3,RNKBBQNR
546,0.3,BRNKNBQR
580,0.3,QBBRNKRN
625,0.3,BRNBKQRN
627,0.3,BRNKQRNB
633,0.3,RNKBBQRN
686,0.3,QRKNNBBR
709,0.3,RKBBQNNR
722,0.3,BRKNQBNR
757,0.3,RKBBNNRQ
809,0.3,RKQBBNRN
827,0.3,RKNQBRNB
906,0.3,RKQRBBNN
31,0.29,NQNRKRBB
53,0.29,NNBBRQKR
69,0.29,NNBBRKQR
132,0.29,NBBRQNKR
171,0.29,NRNKBQRB
205,0.29,QNRBKNBR
220,0.29,NBQRKNBR
221,0.29,NQRBKNBR
242,0.29,BNRKQBNR
258,0.29,BNRKNBQR
263,0.29,NRBKNQRB
296,0.29,QBNRBKRN
371,0.29,BNRKRNQB
389,0.29,QRBBNNKR
433,0.29,BRNBNQKR
456,0.29,RBNNBKQR
486,0.29,QRBNKBNR
494,0.29,QRNKNBBR
564,0.29,RBBNKNRQ
575,0.29,RNKNRQBB
582,0.29,QRBNKBRN
610,0.29,BRNQKBRN
685,0.29,QRKBNNBR
690,0.29,BRQKNBNR
726,0.29,RKBNQBNR
767,0.29,RKNNRQBB
798,0.29,RQKNRBBN
890,0.29,RQKRBBNN
892,0.29,RBQKRNBN
914,0.29,BRKRQBNN
932,0.29,RBBKRNQN
942,0.29,RKRNQBBN
3,0.28,BQNNRKRB
134,0.28,NRBQNBKR
137,0.28,NRQBBNKR
155,0.28,NRNQBKRB
197,0.28,QNBBRKNR
215,0.28,NQBRKNRB
224,0.28,BBNRQKNR
270,0.28,NRKNQBBR
291,0.28,BQNRKRNB
307,0.28,BNQRKRNB
437,0.28,RNBBNQKR
455,0.28,RNBNKQRB
466,0.28,BRNNKBRQ
481,0.28,BQRBNKNR
491,0.28,QRNKBNRB
495,0.28,QRNKNRBB
597,0.28,RQBBNKRN
640,0.28,BBRNKRQN
651,0.28,RNKRBQNB
669,0.28,RNKBRNBQ
727,0.28,RKBNQNRB
763,0.28,RKNNBRQB
841,0.28,RKNBBRQN
866,0.28,BQRKRBNN
884,0.28,RBBQKRNN
953,0.28,RKRBBNNQ
14,0.27,QNNRKBBR
54,0.27,NNBRQBKR
108,0.27,QBNRNKBR
124,0.27,NBQRNKBR
156,0.27,NBRNQKBR
206,0.27,QNRKNBBR
297,0.27,QNRBBKRN
351,0.27,NRKQRNBB
405,0.27,RQBBNNKR
407,0.27,RQBNNKRB
412,0.27,RBQNNKBR
417,0.27,BRNBQNKR
427,0.27,RNQNBKRB
453,0.27,RNBBNKQR
512,0.27,BBRNQKNR
519,0.27,RNBQKNRB
569,0.27,RNKBBNRQ
614,0.27,RNBQKBRN
720,0.27,BBRKNQNR
743,0.27,RKBNNQRB
750,0.27,RKNNQBBR
778,0.27,QRKNBBRN
780,0.27,QBRKNRBN
791,0.27,RQBKNRNB
797,0.27,RQKBNRBN
802,0.27,BRKQNBRN
823,0.27,RKBNQRNB
832,0.27,BBRKNRQN
840,0.27,RBKNBRQN
847,0.27,RKNRQNBB
858,0.27,RKNRBBNQ
912,0.27,BBRKRQNN
925,0.27,RKRBQNBN
930,0.27,BRKRNBQN
5,0.26,QNBBNRKR
7,0.26,QNBNRKRB
15,0.26,QNNRKRBB
17,0.26,BNQBNRKR
34,0.26,BNNQRBKR
39,0.26,NNBQRKRB
52,0.26,NBBNRQKR
160,0.26,BBNRNKQR
168,0.26,NBRNBKQR
243,0.26,BNRKQNRB
323,0.26,BNRQKRNB
372,0.26,NBBRKRNQ
397,0.26,QRNBNKBR
401,0.26,BRQBNNKR
428,0.26,RBNQNKBR
440,0.26,RBNNBQKR
443,0.26,RNNQBKRB
452,0.26,RBBNNKQR
469,0.26,RNBBNKRQ
475,0.26,RNNKBRQB
493,0.26,QRNBKNBR
499,0.26,BRQNKNRB
505,0.26,RQNBBKNR
542,0.26,RNKQNBBR
547,0.26,BRNKNQRB
606,0.26,RQNKRBBN
611,0.26,BRNQKRNB
672,0.26,BBQRKNNR
682,0.26,QRKNBBNR
689,0.26,BRQBKNNR
713,0.26,RKQBBNNR
739,0.26,BRKNNQRB
746,0.26,RKNNBBQR
762,0.26,RKNNBBRQ
770,0.26,BQRKNBRN
789,0.26,RQBBKNRN
795,0.26,RQKNBRNB
806,0.26,RKBQNBRN
822,0.26,RKBNQBRN
859,0.26,RKNRBNQB
889,0.26,RQKBBRNN
894,0.26,RQKRNBBN
931,0.26,BRKRNQNB
939,0.26,RKRNBQNB
959,0.26,RKRNNQBB
48,0.25,BBNNRQKR
103,0.25,QNBRNKRB
115,0.25,BNQRNKRB
116,0.25,NBBQRNKR
125,0.25,NQRBNKBR
154,0.25,NRNQBBKR
157,0.25,NRNBQKBR
167,0.25,NRBNKQRB
209,0.25,BNQBRKNR
211,0.25,BNQRKNRB
304,0.25,BBNQRKRN
319,0.25,NQRKRNBB
345,0.25,NRKBBQRN
402,0.25,BRQNNBKR
406,0.25,RQBNNBKR
409,0.25,RQNBBNKR
422,0.25,RNBQNBKR
429,0.25,RNQBNKBR
431,0.25,RNQNKRBB
445,0.25,RNNBQKBR
496,0.25,BBRQNKNR
540,0.25,RBNKQNBR
558,0.25,RNKNQBBR
623,0.25,RNQKRNBB
647,0.25,RNBKRQNB
652,0.25,RBNKRQBN
662,0.25,RNBKRBNQ
771,0.25,BQRKNRNB
805,0.25,RKBBQNRN
815,0.25,RKQNRNBB
818,0.25,BRKNQBRN
860,0.25,RBKNRNBQ
35,0.24,BNNQRKRB
43,0.24,NNQRBKRB
68,0.24,NBBNRKQR
78,0.24,NNRKQBBR
233,0.24,NRQBBKNR
259,0.24,BNRKNQRB
283,0.24,NRKNBRQB
284,0.24,NBRKNRBQ
311,0.24,NQBRKRNB
338,0.24,BNRKQBRN
442,0.24,RNNQBBKR
483,0.24,BQRNKNRB
524,0.24,RBNQKNBR
528,0.24,BBRNKQNR
590,0.24,QRNKRBBN
648,0.24,RBNKBRQN
698,0.24,RQKNBBNR
811,0.24,RKQNBRNB
812,0.24,RBKQNRBN
813,0.24,RKQBNRBN
846,0.24,RKNRQBBN
851,0.24,BRKNRNQB
885,0.24,RQBBKRNN
913,0.24,BRKBRQNN
940,0.24,RBKRNQBN
92,0.23,NBNRKRBQ
102,0.23,QNBRNBKR
130,0.23,BNRQNBKR
299,0.23,QNRKBRNB
301,0.23,QNRBKRBN
369,0.23,BNRBKRNQ
418,0.23,BRNQNBKR
444,0.23,RBNNQKBR
467,0.23,BRNNKRQB
500,0.23,RBBQNKNR
577,0.23,BQRBNKRN
595,0.23,BRQNKRNB
657,0.23,BRNBKRNQ
728,0.23,RBKNBQNR
730,0.23,RKNQBBNR
788,0.23,RBBQKNRN
865,0.23,BQRBKRNN
23,0.22,NQBNRKRB
47,0.22,NNQRKRBB
99,0.22,BQNRNKRB
133,0.22,NRBBQNKR
135,0.22,NRBQNKRB
149,0.22,NRBBNQKR
198,0.22,QNBRKBNR
356,0.22,NBBRKRQN
370,0.22,BNRKRBNQ
414,0.22,RQNNKBBR
423,0.22,RNBQNKRB
449,0.22,BRNBNKQR
548,0.22,RBBNKNQR
555,0.22,RNKNBQRB
581,0.22,QRBBNKRN
596,0.22,RBBQNKRN
599,0.22,RQBNKRNB
601,0.22,RQNBBKRN
624,0.22,BBRNKQRN
674,0.22,BQRKNBNR
688,0.22,BBRQKNNR
723,0.22,BRKNQNRB
738,0.22,BRKNNBQR
745,0.22,RKNBBNQR
819,0.22,BRKNQRNB
0,0.21,BBQNNRKR
201,0.21,QNRBBKNR
202,0.21,QNRKBBNR
225,0.21,BNRBQKNR
260,0.21,NBBRKNQR
383,0.21,NRKRNQBB
434,0.21,BRNNQBKR
551,0.21,RNBKNQRB
576,0.21,BBQRNKRN
671,0.21,RNKRNQBB
673,0.21,BQRBKNNR
747,0.21,RKNNBQRB
856,0.21,RBKNBRNQ
921,0.21,RKRBBQNN
1,0.2,BQNBNRKR
12,0.2,QBNNRKBR
172,0.2,NBRNKQBR
222,0.2,NQRKNBBR
240,0.2,BBNRKQNR
275,0.2,BNRKNRQB
364,0.2,NBRKRQBN
376,0.2,NBRKBRNQ
404,0.2,RBBQNNKR
498,0.2,BRQNKBNR
515,0.2,BRNQKNRB
544,0.2,BBRNKNQR
556,0.2,RBNKNQBR
567,0.2,RNBKNRQB
592,0.2,BBRQNKRN
659,0.2,BRNKRNQB
668,0.2,RBNKRNBQ
700,0.2,RBQKNNBR
703,0.2,RQKNNRBB
751,0.2,RKNNQRBB
782,0.2,QRKNRBBN
826,0.2,RKNQBBRN
919,0.2,RKBRQNNB
84,0.19,NBBNRKRQ
85,0.19,NNBBRKRQ
182,0.19,NRBNKBRQ
324,0.19,NBBRQKRN
380,0.19,NBRKRNBQ
482,0.19,BQRNKBNR
513,0.19,BRNBQKNR
531,0.19,BRNKQNRB
535,0.19,RNBKQNRB
563,0.19,BRNKNRQB
660,0.19,RBBNKRNQ
753,0.19,BRKBNNRQ
759,0.19,RKBNNRQB
787,0.19,BRQKNRNB
817,0.19,BRKBNQRN
867,0.19,BQRKRNNB
295,0.18,QNBRKRNB
300,0.18,QBNRKRBN
386,0.18,BQRNNBKR
403,0.18,BRQNNKRB
451,0.18,BRNNKQRB
462,0.18,RNNKQBBR
692,0.18,RBBQKNNR
833,0.18,BRKBNRQN
834,0.18,BRKNRBQN
844,0.18,RBKNRQBN
119,0.17,NQBRNKRB
195,0.17,BQNRKNRB
287,0.17,NRKNRQBB
432,0.17,BBRNNQKR
615,0.17,RNBQKRNB
955,0.17,RKRNBNQB
109,0.16,QNRBNKBR
217,0.16,NQRBBKNR
226,0.16,BNRQKBNR
257,0.16,BNRBKNQR
509,0.16,RQNBKNBR
600,0.16,RBQNBKRN
631,0.16,RNBKQRNB
649,0.16,RNKBBRQN
796,0.16,RBQKNRBN
218,0.15,NQRKBBNR
471,0.15,RNBNKRQB
579,0.15,BQRNKRNB
180,0.14,NBBRNKRQ
641,0.14,BRNBKRQN
691,0.14,BRQKNNRB
514,0.13,BRNQKBNR
521,0.13,RNQBBKNR
552,0.13,RBNKBNQR
663,0.13,RNBKRNQB
675,0.13,BQRKNNRB
701,0.13,RQKBNNBR
719,0.13,RKQNNRBB
44,0.12,NBNQRKBR
163,0.12,BNRNKQRB
210,0.12,BNQRKBNR
269,0.12,NRKBNQBR
593,0.12,BRQBNKRN
29,0.11,NQNBRKBR
603,0.11,RQNKBRNB
194,0.1,BQNRKBNR
204,0.09,QBNRKNBR
774,0.09,QRBKNBRN
497,0.08,BRQBNKNR
247,0.07,NRBKQNRB
644,-0.01,RBBNKRQN